Set,Latitude,Longitude,SiteNum,State,Region,Stratum,Determination_Final,Determination_Final_Notes,DeterminationStatus,OriginSource,OriginID,Notes,COMID,NHDPlus_Region,SourceType,DateSampled,Database,VisitNo,DateTime,SiteCode,ParentGlobalID,CalcTime,Zyear,Myear,Dyear,FritzClass,Determination_Updated
Validation,35.14603,-112.06036,113,Arizona,WM,Southern Rockies,I,NA,Preferred,AZDEQ,VRUBS001.35,NA,20449408,15,NA,6/22/2020,Validation 1_1,1,6/22/2020,AZWM0113,d6ba2912-4748-4d8f-9a96-2b1e69933e22,8/5/2021 16:12,NA,NA,NA,NA,I
Baseline,35.05494,-111.48922,114,Arizona,WM,Southern Rockies,I,NA,Acceptable,USGS,9400815,NA,20525511,15,NA,7/2/2019,FlowDuration004,1,7/2/2019,AZWM0114,38ccb345-a4fc-4d78-b601-fcfd4d878355,8/5/2021 16:12,190.1253482,172,150,I-epi,I
Baseline,35.05494,-111.48922,114,Arizona,WM,Southern Rockies,I,NA,Acceptable,USGS,9400815,NA,20525511,15,NA,6/24/2020,Baseline Revisits 1_1,2,6/24/2020,AZWM0114,bf913270-9599-4dbc-a778-860d677df696,8/5/2021 16:12,190.1253482,172,150,I-epi,I
Baseline,35.05494,-111.48922,114,Arizona,WM,Southern Rockies,I,NA,Acceptable,USGS,9400815,NA,20525511,15,NA,10/22/2020,Baseline Revisits 1_1,3,10/22/2020,AZWM0114,202bbca0-2f64-4762-b88d-535599265500,8/5/2021 16:12,190.1253482,172,150,I-epi,I
Validation,34.73031,-111.10227,115,Arizona,WM,Southern Rockies,I,NA,Preferred,AZDEQ,LCJCC045.76,NA,21745385,15,NA,6/25/2020,Validation 1_1,1,6/25/2020,AZWM0115,e44e220f-f2fb-42d9-a996-90148feb8234,8/5/2021 16:12,NA,NA,NA,NA,I
Validation,34.51868,-110.98674,116,Arizona,WM,Southern Rockies,I,NA,Preferred,AZDEQ,LCWIL018.74,NA,21746889,15,NA,6/26/2020,Validation 1_1,1,6/26/2020,AZWM0116,de05a632-b60f-41f0-9bb7-3bd1b85d4874,8/5/2021 16:12,NA,NA,NA,NA,I
Validation,34.43502,-111.03547,118,Arizona,WM,Southern Rockies,I,NA,Preferred,AZDEQ,LCTRK005.19,NA,21747777,15,NA,6/26/2020,Validation 1_1,1,6/26/2020,AZWM0118,a0f203bc-432a-4aa8-99f9-001032897384,8/5/2021 16:12,NA,NA,NA,NA,I
Validation,34.41114,-111.37292,119,Arizona,WM,Southern Rockies,P,NA,Acceptable,USGS,9507700,Very old,20438172,15,NA,6/25/2020,FlowDuration004,1,6/25/2020,AZWM0119,acc41397-c6a2-48d0-9b32-e583338e14d8,8/5/2021 16:12,NA,NA,NA,NA,P
Validation,34.17949,-109.98789,120,Arizona,WM,Southern Rockies,P,NA,Acceptable,USGS,9390500,NA,21756096,15,NA,6/28/2020,Validation 1_1,1,6/28/2020,AZWM0120,c76f08e4-6b74-4646-adac-10b529965319,8/5/2021 16:12,NA,NA,NA,NA,P
Baseline,34.03033,-109.18647,121,Arizona,WM,Southern Rockies,I,NA,Acceptable,USGS,9383500,NA,20585806,15,NA,7/15/2019,FlowDuration004,1,7/15/2019,AZWM0121,f8f18945-c66f-4fcf-aab3-b2d5846a783d,8/5/2021 16:12,0,352,0,P-near,I
Baseline,34.03033,-109.18647,121,Arizona,WM,Southern Rockies,I,NA,Acceptable,USGS,9383500,NA,20585806,15,NA,6/30/2020,Baseline Revisits 1_1,2,6/30/2020,AZWM0121,ea460102-636d-4851-bbae-ff36dafc0b20,8/5/2021 16:12,0,352,0,P-near,I
Baseline,34.03033,-109.18647,121,Arizona,WM,Southern Rockies,I,NA,Acceptable,USGS,9383500,NA,20585806,15,NA,10/21/2020,Baseline Revisits 1_1,3,10/21/2020,AZWM0121,1d2147ff-0236-49b0-a87b-13047f0ae268,8/5/2021 16:12,0,352,0,P-near,I
Validation,34.01671,-109.45731,122,Arizona,WM,Southern Rockies,P,NA,Acceptable,USGS,9383400,NA,20585814,15,NA,6/29/2020,Validation 1_1,1,6/29/2020,AZWM0122,7ca8797c-c951-4904-84b3-b8416ca7cb43,8/5/2021 16:12,NA,NA,NA,NA,P
Baseline,33.94512,-109.15467,123,Arizona,WM,Southern Rockies,I,NA,Preferred,AZDEQ,LCMLK002.50,NA,20586762,15,NA,7/15/2019,FlowDuration004,1,7/15/2019,AZWM0123,1ba3f45e-fe23-4123-939c-d0270b57caa7,8/5/2021 16:12,0,352,0,P-near,P
Baseline,33.94512,-109.15467,123,Arizona,WM,Southern Rockies,I,NA,Preferred,AZDEQ,LCMLK002.50,NA,20586762,15,NA,6/30/2020,Baseline Revisits 1_1,2,6/30/2020,AZWM0123,49c485c8-2684-4cad-9c99-a4a53f92526f,8/5/2021 16:12,0,352,0,P-near,P
Baseline,33.94512,-109.15467,123,Arizona,WM,Southern Rockies,I,NA,Preferred,AZDEQ,LCMLK002.50,NA,20586762,15,NA,10/21/2020,Baseline Revisits 1_1,3,10/21/2020,AZWM0123,e2338230-e54b-49c4-8132-6a67aa7b3ec5,8/5/2021 16:12,0,352,0,P-near,P
Baseline,33.82227,-109.81454,124,Arizona,WM,Southern Rockies,P,NA,Acceptable,USGS,9492400,NA,20488086,15,NA,7/3/2019,FlowDuration004,1,7/3/2019,AZWM0124,f42c2ade-0d3f-4420-8809-bb4cdb5d4afa,8/5/2021 16:12,NA,NA,NA,NA,P
Baseline,33.82227,-109.81454,124,Arizona,WM,Southern Rockies,P,NA,Acceptable,USGS,9492400,NA,20488086,15,NA,10/21/2020,Baseline Revisits 1_1,3,10/21/2020,AZWM0124,ad7b7a4c-eae3-460d-8627-d1edc3df6449,8/5/2021 16:12,NA,NA,NA,NA,P
Validation,34.156,-109.8806,1588,Arizona,WM,Southern Rockies,E,No flow in summer except after rain. They may trickle with snowmelt but not a huge amount,Acceptable,Navajo County Alerts,None,https://www.navajocountyaz.gov/Departments/Public-Works/Flood-Control/Navajo-County-ALERT-System,NA,NA,NA,6/29/2020,Validation 1_1,1,6/29/2020,AZWM1588,fca5dc86-54e4-4ea1-aa7f-58212ac9a75e,8/5/2021 16:12,NA,NA,NA,NA,E
Validation,34.43172,-110.59955,1590,Arizona,WM,Southern Rockies,E,No flow in summer except after rain,Acceptable,Navajo County Alerts,None,https://www.navajocountyaz.gov/Departments/Public-Works/Flood-Control/Navajo-County-ALERT-System,NA,NA,NA,6/27/2020,Validation 1_1,1,6/27/2020,AZWM1590,8fa8f2c7-4460-4090-98e3-b31c0cd165bf,8/5/2021 16:12,NA,NA,NA,NA,E
Validation,34.43112,-110.59446,1591,Arizona,WM,Southern Rockies,E,No flow in summer except after rain,Acceptable,Navajo County Alerts,None,https://www.navajocountyaz.gov/Departments/Public-Works/Flood-Control/Navajo-County-ALERT-System,NA,NA,NA,6/28/2020,Validation 1_1,1,6/28/2020,AZWM1591,c09a51b2-5bd9-4570-9164-28ccec4a9f74,8/5/2021 16:12,NA,NA,NA,NA,E
Validation,35.26914,-111.65651,1842,Arizona,WM,Southern Rockies,E,Hydro data is being sent,Preferred,City of Flagstaff Ed Schenk,NA,Natural. https://rain.flagstaffaz.gov/jefmap/,NA,NA,NA,6/23/2020,Validation 1_1,1,6/23/2020,AZWM1842,7a1b44a5-d9ea-49ad-8fcd-4a0d8654deb6,8/5/2021 16:12,NA,NA,NA,NA,E
Validation,35.25357,-111.62441,1843,Arizona,WM,Southern Rockies,E,Hydro data is being sent,Preferred,City of Flagstaff Ed Schenk,NA,https://rain.flagstaffaz.gov/jefmap/,NA,NA,NA,6/23/2020,Validation 1_1,1,6/23/2020,AZWM1843,3d373639-6729-4a3f-94fa-1369e1b81e87,8/5/2021 16:12,NA,NA,NA,NA,E
Validation,35.2225,-111.62278,1848,Arizona,WM,Southern Rockies,E,Hydro data is being sent,Preferred,City of Flagstaff Ed Schenk,NA,Natural channel upstream a bit. https://rain.flagstaffaz.gov/jefmap/,NA,NA,NA,10/22/2020,Validation 1_1,1,10/22/2020,AZWM1848,6c7a8a1f-61c2-4a2f-ac22-0b2cb4c15bfe,8/5/2021 16:12,NA,NA,NA,NA,E
Validation,34.0555,-109.40117,1853,Arizona,WM,Southern Rockies,P,NA,Acceptable,USGS,9383409,NA,NA,NA,NA,6/29/2020,Validation 1_1,1,6/29/2020,AZWM1853,0c59bc1e-8f38-4a5a-95e0-182f2e58c703,8/5/2021 16:12,NA,NA,NA,NA,P
Validation,34.058,-109.29633,1854,Arizona,WM,Southern Rockies,I,Possibly E but record is insufficient,Acceptable,USGS,9383417,NA,NA,NA,NA,6/30/2020,Validation 1_1,1,6/30/2020,AZWM1854,b74f120f-a423-4e0e-8bf2-5bab2c9a6b66,8/5/2021 16:12,NA,NA,NA,NA,I
Validation,33.67503,-109.27011,1855,Arizona,WM,Southern Rockies,I,NA,Acceptable,USGS,9489082,NA,NA,NA,NA,10/20/2020,Validation 1_1,1,10/20/2020,AZWM1855,d47ad33d-1855-4a70-90dc-9c30cef4a2fc,8/5/2021 16:12,NA,NA,NA,NA,I
Validation,35.05905,-111.71671,1867,Arizona,WM,Southern Rockies,E,NA,Acceptable,Zimmerman et al. 1999,None,NA,NA,NA,NA,6/23/2020,Validation 1_1,1,6/23/2020,AZWM1867,a9d513e3-56b9-4574-b8aa-31771a439744,8/5/2021 16:12,NA,NA,NA,NA,E
Baseline,41.9043,-124.15433,477,California,WM,CA-NV,I,NA,Acceptable,Marisa Parish of Riverkeeper,NA,NA,22226690,18,NA,9/7/2019,FlowDuration004,1,9/7/2019,CAWM0477,16894bf5-b3d9-4d40-ba70-037cd685382b,8/5/2021 16:12,127.75,146,47,I-epi,I
Baseline,41.9043,-124.15433,477,California,WM,CA-NV,I,NA,Acceptable,Marisa Parish of Riverkeeper,NA,NA,22226690,18,NA,8/12/2020,Baseline Revisits 1_1,2,8/12/2020,CAWM0477,b8ab7fd4-15d5-464f-99c7-0d1b7ddaf410,8/5/2021 16:12,127.75,146,47,I-epi,I
Baseline,41.9043,-124.15433,477,California,WM,CA-NV,I,NA,Acceptable,Marisa Parish of Riverkeeper,NA,NA,22226690,18,NA,10/31/2020,Baseline Revisits 1_1,3,10/31/2020,CAWM0477,06146823-6de7-4913-b56b-a5923b45cd7b,8/5/2021 16:12,127.75,146,47,I-epi,I
Baseline,41.88688,-124.14424,478,California,WM,CA-NV,I,NA,Acceptable,Marisa Parish of Riverkeeper,NA,NA,22226720,18,NA,9/7/2019,FlowDuration004,1,9/7/2019,CAWM0478,b562bacc-aa9b-418e-bb0d-5e11a8a2b534,8/5/2021 16:12,268.3054893,79,125,I-epi,I
Baseline,41.88688,-124.14424,478,California,WM,CA-NV,I,NA,Acceptable,Marisa Parish of Riverkeeper,NA,NA,22226720,18,NA,8/12/2020,Baseline Revisits 1_1,2,8/12/2020,CAWM0478,e5dbf77c-5322-4af8-8cae-ebd443b68968,8/5/2021 16:12,268.3054893,79,125,I-epi,I
Baseline,41.88688,-124.14424,478,California,WM,CA-NV,I,NA,Acceptable,Marisa Parish of Riverkeeper,NA,NA,22226720,18,NA,10/31/2020,Baseline Revisits 1_1,3,10/31/2020,CAWM0478,e19c397d-85b0-480c-a367-36c731e646bc,8/5/2021 16:12,268.3054893,79,125,I-epi,I
Validation,41.12516,-122.06861,485,California,WM,CA-NV,P,NA,Acceptable,USGS,11367760,NA,7960871,18,NA,8/11/2020,Validation 1_1,1,8/11/2020,CAWM0485,bada7d2a-9a98-4725-a843-8ef3732c35a7,8/5/2021 16:12,NA,NA,NA,NA,P
Validation,41.01738,-121.65415,495,California,WM,CA-NV,P,NA,Acceptable,USGS,11361000,NA,7948412,18,NA,8/10/2020,Validation 1_1,1,8/10/2020,CAWM0495,5415e8ac-8cf9-4689-99ab-214c2857bb41,8/5/2021 16:12,NA,NA,NA,NA,P
Validation,40.72459,-122.83475,507,California,WM,CA-NV,P,NA,Acceptable,USGS,11525530,NA,8246406,18,NA,9/6/2020,Validation 1_1,1,9/6/2020,CAWM0507,678671b9-54af-4ed4-ad2e-e6a9bd506356,8/5/2021 16:12,NA,NA,NA,NA,P
Case Study,40.48042,-123.89088,519,California,WM,CA-NV,P,NA,Acceptable,USGS,11478500,NA,2705477,18,NA,7/1/2020,Validation 1_1,1,7/1/2020,CAWM0519,093fe39f-ad0b-407d-9482-c91691a7869d,8/5/2021 16:12,NA,NA,NA,NA,P
Case Study,40.48042,-123.89088,519,California,WM,CA-NV,P,NA,Acceptable,USGS,11478500,NA,2705477,18,NA,8/27/2020,Validation 1_1,2,8/27/2020,CAWM0519,4e6783b1-8409-4a50-9044-141af4a9ef09,8/5/2021 16:12,NA,NA,NA,NA,P
Baseline,40.42882,-123.27405,522,California,WM,CA-NV,I,NA,NA,Mason Landon,NA,NA,8236278,18,NA,9/6/2019,FlowDuration004,1,9/6/2019,CAWM0522,12cfe0f7-37cc-442b-9980-a3d7a92e2935,8/5/2021 16:12,173.7679426,219,112,I-epi,I
Baseline,40.42882,-123.27405,522,California,WM,CA-NV,I,NA,NA,Mason Landon,NA,NA,8236278,18,NA,9/4/2020,Baseline Revisits 1_1,2,9/4/2020,CAWM0522,a60f134d-b6da-4e28-b31f-efff9fbcd8a6,8/5/2021 16:12,173.7679426,219,112,I-epi,I
Baseline,40.42882,-123.27405,522,California,WM,CA-NV,I,NA,NA,Mason Landon,NA,NA,8236278,18,NA,10/30/2020,Baseline Revisits 1_1,3,10/30/2020,CAWM0522,405368e3-6d57-4459-b0b7-06c27c2ca41d,8/5/2021 16:12,173.7679426,219,112,I-epi,I
Baseline,40.40778,-123.28321,523,California,WM,CA-NV,I,NA,NA,Mason Landon,NA,NA,8234840,18,NA,9/6/2019,FlowDuration004,1,9/6/2019,CAWM0523,b6224c76-fd28-40e6-aa68-78f21457286b,8/5/2021 16:12,182.5,210,119,I-epi,I
Baseline,40.40778,-123.28321,523,California,WM,CA-NV,I,NA,NA,Mason Landon,NA,NA,8234840,18,NA,9/4/2020,Baseline Revisits 1_1,2,9/4/2020,CAWM0523,9a65f578-27bd-4ac5-bfe0-f5e2d8e48f85,8/5/2021 16:12,182.5,210,119,I-epi,I
Baseline,40.40778,-123.28321,523,California,WM,CA-NV,I,NA,NA,Mason Landon,NA,NA,8234840,18,NA,10/30/2020,Baseline Revisits 1_1,3,10/30/2020,CAWM0523,62e2a0bb-41a7-43ea-ac76-fc4f8d4fe244,8/5/2021 16:12,182.5,210,119,I-epi,I
Baseline,40.35184,-123.97734,525,California,WM,CA-NV,E,NA,NA,Mason Landon,NA,NA,8284770,18,NA,9/8/2019,FlowDuration004,1,9/8/2019,CAWM0525,1b1cb449-1fa2-498a-8cb0-2fbb4df6b658,8/5/2021 16:12,334.3645084,26,139,E-epi,E
Baseline,40.35184,-123.97734,525,California,WM,CA-NV,E,NA,NA,Mason Landon,NA,NA,8284770,18,NA,9/3/2020,Baseline Revisits 1_1,2,9/3/2020,CAWM0525,697e041e-6374-4a15-a46e-2d74697b4543,8/5/2021 16:12,334.3645084,26,139,E-epi,E
Baseline,40.35184,-123.97734,525,California,WM,CA-NV,E,NA,NA,Mason Landon,NA,NA,8284770,18,NA,10/29/2020,Baseline Revisits 1_1,3,10/29/2020,CAWM0525,2e57603c-1300-4168-8e32-9c73a4d5041a,8/5/2021 16:12,334.3645084,26,139,E-epi,E
Case Study,40.28431,-123.3353,528,California,WM,CA-NV,I,NA,Acceptable,USGS,11480390,NA,8320019,18,NA,7/8/2020,Validation 1_1,1,7/8/2020,CAWM0528,478ea854-e55d-4b75-99b9-aeaceca40d13,8/5/2021 16:12,NA,NA,NA,NA,I
Case Study,40.28431,-123.3353,528,California,WM,CA-NV,I,NA,Acceptable,USGS,11480390,NA,8320019,18,NA,8/27/2020,Validation 1_1,2,8/27/2020,CAWM0528,2e3ea015-1eb9-4256-8e2a-b5dded4b6f97,8/5/2021 16:12,NA,NA,NA,NA,I
Baseline,39.68838,-123.49251,549,California,WM,CA-NV,I,NA,Acceptable,Mason Landon,NA,NA,8287676,18,NA,9/8/2019,FlowDuration004,1,9/8/2019,CAWM0549,93875b9d-4be9-4e08-835d-295202ffad39,8/5/2021 16:12,0,362,0,P-near,I
Baseline,39.68838,-123.49251,549,California,WM,CA-NV,I,NA,Acceptable,Mason Landon,NA,NA,8287676,18,NA,9/3/2020,Baseline Revisits 1_1,2,9/3/2020,CAWM0549,bdc188f2-9c75-4e61-a43a-2d21141aca9a,8/5/2021 16:12,0,362,0,P-near,I
Baseline,39.68838,-123.49251,549,California,WM,CA-NV,I,NA,Acceptable,Mason Landon,NA,NA,8287676,18,NA,10/29/2020,Baseline Revisits 1_1,3,10/29/2020,CAWM0549,f12d8510-7025-454f-ad35-d3883aaf998d,8/5/2021 16:12,0,362,0,P-near,I
Validation,39.43157,-120.23798,566,California,WM,CA-NV,P,NA,Acceptable,USGS,10343500,NA,8933522,16,NA,8/9/2020,Validation 1_1,1,8/9/2020,CAWM0566,49c57b75-992a-4d82-bb38-eb5c7f1ef847,8/5/2021 16:12,NA,NA,NA,NA,P
Baseline,39.27602,-120.36687,588,California,WM,CA-NV,I,NA,Acceptable,USGS,11426130,NA,14991679,18,NA,8/28/2019,FlowDuration004,1,8/28/2019,CAWM0588,17cd3dce-3ce9-4c74-a866-7ae152ace663,8/5/2021 16:12,NA,NA,NA,NA,I
Baseline,39.27602,-120.36687,588,California,WM,CA-NV,I,NA,Acceptable,USGS,11426130,NA,14991679,18,NA,8/9/2020,Baseline Revisits 1_1,2,8/9/2020,CAWM0588,b9845737-92ef-4886-84c5-b62bf996c2e0,8/5/2021 16:12,NA,NA,NA,NA,I
Validation,39.1663,-120.14436,592,California,WM,CA-NV,I,NA,Acceptable,USGS,10337500,NA,8934074,16,NA,8/8/2020,Validation 1_1,1,8/8/2020,CAWM0592,452f2e41-3803-474c-99f9-a80b8eab127c,8/5/2021 16:12,NA,NA,NA,NA,I
Validation,39.13213,-120.15769,595,California,WM,CA-NV,I,Gauge status confirmed by Sean Tevlin,Preferred,USGS,10336676,NA,8941685,16,NA,8/8/2020,Validation 1_1,1,8/8/2020,CAWM0595,433bab78-afd3-4f06-a793-a9dd13816b53,8/5/2021 16:12,NA,NA,NA,NA,I
Validation,39.10741,-120.16214,598,California,WM,CA-NV,P,NA,Acceptable,USGS,10336660,NA,8941693,16,NA,8/8/2020,Validation 1_1,1,8/8/2020,CAWM0598,ae75367c-b3f8-429b-8871-c46fdc61c5e6,8/5/2021 16:12,NA,NA,NA,NA,P
Validation,38.92241,-119.99157,609,California,WM,CA-NV,P,NA,Acceptable,USGS,10336610,NA,8944439,16,NA,8/7/2020,Validation 1_1,1,8/7/2020,CAWM0609,35358646-bed4-4455-a295-78ce4735d065,8/5/2021 16:12,NA,NA,NA,NA,P
Validation,38.91991,-119.9724,610,California,WM,CA-NV,P,NA,Acceptable,USGS,10336780,NA,8944453,16,NA,8/8/2020,Validation 1_1,1,8/8/2020,CAWM0610,b475a5e2-5103-4926-96c7-22da6c125aad,8/5/2021 16:12,NA,NA,NA,NA,P
Validation,38.78324,-120.77854,621,California,WM,CA-NV,I,NA,Acceptable,USGS,11444280,NA,14983396,18,NA,8/6/2020,Validation 1_1,1,8/6/2020,CAWM0621,35aa15e2-de52-4e5c-8924-8cdd1f9145b4,8/5/2021 16:12,NA,NA,NA,NA,I
Validation,38.40325,-120.44687,652,California,WM,CA-NV,P,NA,Acceptable,USGS,11316800,NA,17056582,18,NA,8/14/2020,FlowDuration004,1,8/14/2020,CAWM0652,fab5ee74-1dbb-4ae1-97f6-6ae088766aad,8/5/2021 16:12,NA,NA,NA,NA,P
Baseline,38.27908,-119.97046,657,California,WM,CA-NV,I,NA,Acceptable,USGS,11292680,NA,346973,18,NA,9/4/2019,FlowDuration004,1,9/4/2019,CAWM0657,2fef0481-c3a9-47dc-90c1-ef2a19e2212b,8/5/2021 16:12,NA,NA,NA,NA,I
Baseline,38.27908,-119.97046,657,California,WM,CA-NV,I,NA,Acceptable,USGS,11292680,NA,346973,18,NA,8/2/2020,Baseline Revisits 1_1,2,8/2/2020,CAWM0657,4cfead4a-73b2-4fda-8d12-4fb3bcef6b7c,8/5/2021 16:12,NA,NA,NA,NA,I
Validation,38.03298,-119.21654,672,California,WM,CA-NV,I,NA,Acceptable,USGS,10287069,NA,20286400,18,NA,8/2/2020,Validation 1_1,1,8/2/2020,CAWM0672,666bdc7e-1ce0-412b-a1d5-8b378f5b4ea5,8/5/2021 16:12,NA,NA,NA,NA,I
Baseline,37.84187,-120.18491,684,California,WM,CA-NV,I,NA,Acceptable,USGS,11284400,NA,17078425,18,NA,9/4/2019,FlowDuration004,1,9/4/2019,CAWM0684,cac9ca19-997c-411d-8982-3f6f5b5a5d9b,8/5/2021 16:12,114.7142857,279,97,I-epi,I
Baseline,37.84187,-120.18491,684,California,WM,CA-NV,I,NA,Acceptable,USGS,11284400,NA,17078425,18,NA,8/2/2020,Baseline Revisits 1_1,2,8/2/2020,CAWM0684,fdc3ffbe-b1e2-459d-bf2a-892628c97a3f,8/5/2021 16:12,114.7142857,279,97,I-epi,I
Baseline,37.84187,-120.18491,684,California,WM,CA-NV,I,NA,Acceptable,USGS,11284400,NA,17078425,18,NA,10/28/2020,Baseline Revisits 1_1,3,10/28/2020,CAWM0684,d281bbbe-af55-4c0b-9275-7885b639f93d,8/5/2021 16:12,114.7142857,279,97,I-epi,I
Validation,37.32578,-122.38664,697,California,WM,CA-NV,I,NA,Acceptable,USGS,11162570,NA,17687965,18,NA,8/5/2020,Validation 1_1,1,8/5/2020,CAWM0697,16d5a691-7776-40f8-9f0b-e731cb57f6d7,8/5/2021 16:12,NA,NA,NA,NA,I
Baseline,37.13689,-119.25457,718,California,WM,CA-NV,P,NA,Acceptable,USGS,11239300,NA,17116249,18,NA,9/3/2019,FlowDuration004,1,9/3/2019,CAWM0718,f238494b-0251-4bff-be45-9c58a388cbf1,8/5/2021 16:12,39.34131737,189,26,I-epi,P
Baseline,37.13689,-119.25457,718,California,WM,CA-NV,P,NA,Acceptable,USGS,11239300,NA,17116249,18,NA,8/1/2020,Baseline Revisits 1_1,2,8/1/2020,CAWM0718,1bcdc00b-ea2e-4547-ae05-f7fd076402d2,8/5/2021 16:12,39.34131737,189,26,I-epi,P
Baseline,37.13689,-119.25457,718,California,WM,CA-NV,P,NA,Acceptable,USGS,11239300,NA,17116249,18,NA,10/27/2020,Baseline Revisits 1_1,3,10/27/2020,CAWM0718,3f0f7b8c-3c82-4a2b-a2f3-093591895625,8/5/2021 16:12,39.34131737,189,26,I-epi,P
Validation,37.04439,-122.07246,720,California,WM,CA-NV,P,NA,Acceptable,USGS,11160500,NA,17682474,18,NA,8/5/2020,Validation 1_1,1,8/5/2020,CAWM0720,e2b7c9a2-0140-4425-94a8-dd755f44b83a,8/5/2021 16:12,NA,NA,NA,NA,P
Baseline,36.87967,-119.12873,724,California,WM,CA-NV,P,NA,Acceptable,USGS,11218400,NA,22057161,18,NA,9/2/2019,FlowDuration004,1,9/2/2019,CAWM0724,89a5b7c0-9616-4364-95a6-de801fc8e4bd,8/5/2021 16:12,0,365,0,P-epi,P
Baseline,36.87967,-119.12873,724,California,WM,CA-NV,P,NA,Acceptable,USGS,11218400,NA,22057161,18,NA,7/31/2020,Baseline Revisits 1_1,2,7/31/2020,CAWM0724,7d8b7ed2-d1b3-48a7-8cb9-e1d886287173,8/5/2021 16:12,0,365,0,P-epi,P
Baseline,36.87967,-119.12873,724,California,WM,CA-NV,P,NA,Acceptable,USGS,11218400,NA,22057161,18,NA,10/26/2020,Baseline Revisits 1_1,3,10/26/2020,CAWM0724,baae1032-2365-47e5-b47c-ab7ff4a8e0c7,8/5/2021 16:12,0,365,0,P-epi,P
Baseline,35.94384,-118.47592,736,California,WM,CA-NV,I,NA,Acceptable,USGS,11185600,NA,14971731,18,NA,9/1/2019,FlowDuration004,1,9/1/2019,CAWM0736,af9cbbeb-da8b-4613-982a-8c87b5c89f96,8/5/2021 16:12,NA,NA,NA,NA,I
Baseline,35.94384,-118.47592,736,California,WM,CA-NV,I,NA,Acceptable,USGS,11185600,NA,14971731,18,NA,7/30/2020,Validation 1_1,2,7/30/2020,CAWM0736,90efce7b-48d5-41c2-8995-2705a8aab12d,8/5/2021 16:12,NA,NA,NA,NA,I
Validation,39.03559,-119.94146,1822,Nevada,WM,CA-NV,I,NA,Acceptable,Sean Tevlin,NA,NA,NA,NA,NA,8/7/2020,Validation 1_1,1,8/7/2020,CAWM1822,8c074f65-43d3-4dbf-8a8b-520a28a178fd,8/5/2021 16:12,NA,NA,NA,NA,I
Validation,39.25965,-120.61537,1831,California,WM,CA-NV,I,NA,Preferred,Andy Rehn,NA,NA,NA,NA,NA,8/9/2020,Validation 1_1,1,8/9/2020,CAWM1831,159c032e-982b-4337-a7c5-5455a8a27bef,8/5/2021 16:12,NA,NA,NA,NA,I
Validation,41.31206,-122.20314,1871,California,WM,CA-NV,E,NA,Acceptable,Don Lee,None,NA,NA,NA,NA,9/8/2020,Validation 1_1,1,9/8/2020,CAWM1871,267d92f9-dda5-4989-b0e5-f22fde571dac,8/5/2021 16:12,NA,NA,NA,NA,E
Validation,38.53907,-122.91135,1882,California,WM,CA-NV,I,NA,Preferred,Gabe Rossi,NA,Has camera demonstrating drying,NA,NA,NA,6/20/2020,Validation 1_1,1,6/20/2020,CAWM1882,a76cf905-cac3-43b8-a6a4-93bd7e11394b,8/5/2021 16:12,NA,NA,NA,NA,I
Validation,40.64884,-122.98593,1891,California,WM,CA-NV,E,NA,Acceptable,Keith Bouma-Greson,NA,Points from direct communication with author,NA,NA,NA,9/5/2020,Validation 1_1,1,9/5/2020,CAWM1891,ac7b229e-a290-4c62-9712-041cf709100b,8/5/2021 16:12,NA,NA,NA,NA,E
Case Study,40.76221,-122.90281,1892,California,WM,CA-NV,E,NA,Acceptable,Lovill et al. 2018,NA,Points from direct communication with author,NA,NA,NA,7/10/2020,Validation 1_1,1,7/10/2020,CAWM1892,0f0610c0-d96f-4647-8fcd-9a154d9ba2f4,8/5/2021 16:12,NA,NA,NA,NA,E
Validation,40.76018,-122.88634,1894,California,WM,CA-NV,E,NA,Acceptable,Lovill et al. 2018,NA,Points from direct communication with author,NA,NA,NA,9/6/2020,Validation 1_1,1,9/6/2020,CAWM1894,1c3c9536-8dd5-4f30-bf04-20152b57c393,8/5/2021 16:12,NA,NA,NA,NA,E
Validation,40.78611,-122.89521,1895,California,WM,CA-NV,E,NA,Acceptable,Lovill et al. 2018,NA,Points from direct communication with author,NA,NA,NA,9/6/2020,Validation 1_1,1,9/6/2020,CAWM1895,27ac4db7-43ba-4a50-a618-931d88bb91b3,8/5/2021 16:12,NA,NA,NA,NA,E
Validation,40.75547,-122.93421,1898,California,WM,CA-NV,E,NA,Acceptable,Lovill et al. 2018,NA,Points from direct communication with author,NA,NA,NA,9/7/2020,Validation 1_1,1,9/7/2020,CAWM1898,1e104489-5069-4083-8598-8561fcccb8ea,8/5/2021 16:12,NA,NA,NA,NA,E
Validation,40.76205,-122.9268,1899,California,WM,CA-NV,E,NA,Acceptable,Lovill et al. 2018,NA,Points from direct communication with author,NA,NA,NA,9/7/2020,Validation 1_1,1,9/7/2020,CAWM1899,0478a6a6-23af-4866-bca6-30ed99437469,8/5/2021 16:12,NA,NA,NA,NA,E
Validation,40.76555,-122.92337,1900,California,WM,CA-NV,E,NA,Acceptable,Lovill et al. 2018,NA,Points from direct communication with author,NA,NA,NA,9/8/2020,Validation 1_1,1,9/8/2020,CAWM1900,8ce2a853-c0df-458e-a565-95d5f3ce35e7,8/5/2021 16:12,NA,NA,NA,NA,E
Validation,40.5968,-122.9246,1902,California,WM,CA-NV,E,NA,Acceptable,Lovill et al. 2018,NA,Points from direct communication with author,NA,NA,NA,9/5/2020,Validation 1_1,1,9/5/2020,CAWM1902,406b175c-4210-401f-a63d-48ff269d61e7,8/5/2021 16:12,NA,NA,NA,NA,E
Validation,38.22748,-107.25907,780,Colorado,WM,Central Rockies,E,Updated on 032720,Preferred,Lindsey Reynolds,72,Slightly flowing with some area of standing water. Dominated by Salix sp._ and Juniperus scopulorum.,-9999,14,NA,7/9/2020,Validation 1_1,1,7/9/2020,COWM0780,78791e66-a3ef-4b43-b0da-7bd0506a5c42,8/5/2021 16:12,NA,NA,NA,NA,E
Validation,40.8847,-105.4362,821,Colorado,WM,Central Rockies,E,NA,Acceptable,Stephanie Kampf,CKPR [11]- Cherokee Park Road,NA,2898169,10L,NA,7/20/2020,Validation 1_1,1,7/20/2020,COWM0821,10b2984a-8494-4416-822a-88c9703cf74d,8/5/2021 16:12,NA,NA,NA,NA,E
Validation,40.7698,-105.3438,841,Colorado,WM,Central Rockies,I,NA,Acceptable,Stephanie Kampf,RFLR [4]- Red Feather Lakes Road,NA,2898819,10L,NA,7/22/2020,Validation 1_1,1,7/22/2020,COWM0841,8bc95118-f519-42d4-94b0-cd8ce8b46133,8/5/2021 16:12,NA,NA,NA,NA,I
Validation,40.6976,-105.44068,852,Colorado,WM,Central Rockies,P,NA,Acceptable,Stephanie Kampf,PC Elkhorn Creek,NA,2899255,10L,NA,8/13/2019,FlowDuration004,1,8/13/2019,COWM0852,c2c849c7-214d-45e5-a228-f81fbb08543a,8/5/2021 16:12,NA,NA,NA,NA,P
Validation,40.69606,-105.29482,854,Colorado,WM,Central Rockies,I,NA,Preferred,Stephanie Kampf,Grey Rock tributary,NA,2899289,10L,NA,7/17/2020,Validation 1_1,1,7/17/2020,COWM0854,73351a76-bbc5-4468-be17-435964aa5fa3,8/5/2021 16:12,NA,NA,NA,NA,I
Validation,40.69291,-105.26533,861,Colorado,WM,Central Rockies,I,NA,Acceptable,Stephanie Kampf,PC Boyd Gulch [At],NA,2899465,10L,NA,7/19/2020,FlowDuration004,1,7/19/2020,COWM0861,c96a2d4d-8554-47c3-a2f1-5ee22bcf0bbc,8/5/2021 16:12,NA,NA,NA,NA,I
Baseline,40.69156,-105.31092,862,Colorado,WM,Central Rockies,I,NA,Preferred,Stephanie Kampf,Hewlett Gulch,NA,2899345,10L,NA,7/26/2019,FlowDuration004,1,7/26/2019,COWM0862,49fbd2cf-8701-4faf-b1ae-e71ec2160c27,8/5/2021 16:12,41.19638826,365,50,I-epi,I
Baseline,40.69156,-105.31092,862,Colorado,WM,Central Rockies,I,NA,Preferred,Stephanie Kampf,Hewlett Gulch,NA,2899345,10L,NA,7/18/2020,Baseline Revisits 1_1,2,7/18/2020,COWM0862,49bbf62d-1f88-4bb3-b53c-add8b33198e9,8/5/2021 16:12,41.19638826,365,50,I-epi,I
Baseline,40.69156,-105.31092,862,Colorado,WM,Central Rockies,I,NA,Preferred,Stephanie Kampf,Hewlett Gulch,NA,2899345,10L,NA,10/10/2020,Baseline Revisits 1_1,3,10/10/2020,COWM0862,9562997e-e10c-4d89-afe3-d73ec8f2235f,8/5/2021 16:12,41.19638826,365,50,I-epi,I
Baseline,40.686,-105.304,873,Colorado,WM,Central Rockies,P,NA,Acceptable,Stephanie Kampf,PC Hill Gulch,NA,2899391,10L,NA,8/12/2019,FlowDuration004,1,8/12/2019,COWM0873,4f0009a8-27b8-4504-b56f-bb17f11388b4,8/5/2021 16:12,67.68779343,347,79,I-epi,I
Baseline,40.686,-105.304,873,Colorado,WM,Central Rockies,P,NA,Acceptable,Stephanie Kampf,PC Hill Gulch,NA,2899391,10L,NA,7/18/2020,Baseline Revisits 1_1,2,7/18/2020,COWM0873,f1c591cf-f343-4246-a8a6-0e16b0f14478,8/5/2021 16:12,67.68779343,347,79,I-epi,I
Baseline,40.686,-105.304,873,Colorado,WM,Central Rockies,P,NA,Acceptable,Stephanie Kampf,PC Hill Gulch,NA,2899391,10L,NA,10/10/2020,Baseline Revisits 1_1,3,10/10/2020,COWM0873,7d59d831-eda6-42a3-8449-274aa9ff2545,8/5/2021 16:12,67.68779343,347,79,I-epi,I
Validation,40.68337,-105.30227,876,Colorado,WM,Central Rockies,P,NA,Preferred,Stephanie Kampf,Hill Gulch,NA,2899391,10L,NA,7/18/2020,Validation 1_1,1,7/18/2020,COWM0876,a9c4074b-a24e-47a5-9eac-7acd2c48dd3a,8/5/2021 16:12,NA,NA,NA,NA,P
Validation,40.61443,-105.8194,905,Colorado,WM,Central Rockies,I,NA,Preferred,Stephanie Kampf,Aspen Glenn 1,NA,2899869,10L,NA,7/19/2020,Validation 1_1,1,7/19/2020,COWM0905,420115cb-d561-4e1c-b333-4c57261f15c4,8/5/2021 16:12,NA,NA,NA,NA,I
Baseline,40.57611,-105.17961,929,Colorado,WM,Central Rockies,E,NA,Acceptable,Stephanie Kampf,LSP [11]- West Valley Trail,NA,2900007,10L,NA,7/27/2019,FlowDuration004,1,7/27/2019,COWM0929,43856fcc-d0d5-4493-b240-fc10537f7cfa,8/5/2021 16:12,252.9458239,48,160,I-epi,E
Baseline,40.57611,-105.17961,929,Colorado,WM,Central Rockies,E,NA,Acceptable,Stephanie Kampf,LSP [11]- West Valley Trail,NA,2900007,10L,NA,7/16/2020,Baseline Revisits 1_1,2,7/16/2020,COWM0929,aa62662d-2ecd-4747-b5e9-beb6f2709e16,8/5/2021 16:12,252.9458239,48,160,I-epi,E
Baseline,40.57611,-105.17961,929,Colorado,WM,Central Rockies,E,NA,Acceptable,Stephanie Kampf,LSP [11]- West Valley Trail,NA,2900007,10L,NA,10/11/2020,Baseline Revisits 1_1,3,10/11/2020,COWM0929,eab88cc6-7b5d-49e2-9dc6-704c26094ff3,8/5/2021 16:12,252.9458239,48,160,I-epi,E
Baseline,40.56439,-105.17577,940,Colorado,WM,Central Rockies,I,NA,Acceptable,Stephanie Kampf,LSP [16]- Arthur's Rock Trail jct.,NA,2900057,10L,NA,7/26/2019,FlowDuration004,1,7/26/2019,COWM0940,748a583e-3f17-41ab-9da0-52ce5caf38bf,8/5/2021 16:12,272.1058559,113,226,I-epi,I
Baseline,40.56439,-105.17577,940,Colorado,WM,Central Rockies,I,NA,Acceptable,Stephanie Kampf,LSP [16]- Arthur's Rock Trail jct.,NA,2900057,10L,NA,7/16/2020,Baseline Revisits 1_1,2,7/16/2020,COWM0940,3b9072a7-9262-4b44-9ef7-8b0c71298836,8/5/2021 16:12,272.1058559,113,226,I-epi,I
Baseline,40.56439,-105.17577,940,Colorado,WM,Central Rockies,I,NA,Acceptable,Stephanie Kampf,LSP [16]- Arthur's Rock Trail jct.,NA,2900057,10L,NA,10/11/2020,Baseline Revisits 1_1,3,10/11/2020,COWM0940,101bdc68-60b6-4538-9ae5-9fdd7e8169dd,8/5/2021 16:12,272.1058559,113,226,I-epi,I
Validation,40.55959,-105.17301,944,Colorado,WM,Central Rockies,I,NA,Preferred,Stephanie Kampf,Mill Creek,NA,2900083,10L,NA,7/17/2020,Validation 1_1,1,7/17/2020,COWM0944,63d78ce1-7bc7-4b36-a334-e87f664f0e53,8/5/2021 16:12,NA,NA,NA,NA,I
Baseline,40.51454,-105.88383,973,Colorado,WM,Central Rockies,P,NA,Preferred,Stephanie Kampf,Michigan Ditch 1,NA,15998922,10L,NA,8/13/2019,FlowDuration004,1,8/13/2019,COWM0973,c07fe7fd-f1db-422c-98fb-8648be6493ca,8/5/2021 16:12,10.64139942,333,10,IP-fuzzy,P
Baseline,40.51454,-105.88383,973,Colorado,WM,Central Rockies,P,NA,Preferred,Stephanie Kampf,Michigan Ditch 1,NA,15998922,10L,NA,7/20/2020,Baseline Revisits 1_1,2,7/20/2020,COWM0973,4b6712d6-73bb-45ec-bd99-9534b1c4541d,8/5/2021 16:12,10.64139942,333,10,IP-fuzzy,P
Validation,40.48415,-105.23771,989,Colorado,WM,Central Rockies,E,NA,Acceptable,Stephanie Kampf,BR [9] Bobcat Ridge Valley Upper,NA,-9999,10L,NA,7/15/2020,Validation 1_1,1,7/15/2020,COWM0989,0dc3d405-60c3-42b8-9c34-2c9bece25367,8/5/2021 16:12,NA,NA,NA,NA,E
Validation,40.47451,-105.23371,1002,Colorado,WM,Central Rockies,E,NA,Acceptable,Stephanie Kampf,BR [2] Bobcat Ridge Eden Valley,NA,13524,10L,NA,7/15/2020,Validation 1_1,1,7/15/2020,COWM1002,a4e5e0b3-b247-4b23-9687-ced55cab7c41,8/5/2021 16:12,NA,NA,NA,NA,E
Validation,40.40528,-105.59279,1004,Colorado,WM,Central Rockies,I,NA,Preferred,Stephanie Kampf,Bighorn Creek,NA,12810,10L,NA,7/14/2020,Validation 1_1,1,7/14/2020,COWM1004,5ef1b2e0-94ac-4158-b8d3-b11af2ed94ea,8/5/2021 16:12,NA,NA,NA,NA,I
Validation,40.0002,-106.18037,1019,Colorado,WM,Central Rockies,P,NA,Acceptable,USGS,9037500,NA,1232821,14,NA,7/13/2020,Validation 1_1,1,7/13/2020,COWM1019,1f155a41-810c-49e7-bfbd-d630a8cc3720,8/5/2021 16:12,NA,NA,NA,NA,P
Baseline,39.86667,-105.40366,1029,Colorado,WM,Central Rockies,P,Presumed intermittent. Logged.,NA,BPJ,NA,RM and JK BPJ,2884886,10L,NA,7/27/2019,FlowDuration004,1,7/27/2019,COWM1029,e8a7545c-1e88-4453-8a27-f0146d185bf5,8/5/2021 16:12,13.15315315,247,8,IP-fuzzy,P
Baseline,39.86667,-105.40366,1029,Colorado,WM,Central Rockies,P,Presumed intermittent. Logged.,NA,BPJ,NA,RM and JK BPJ,2884886,10L,NA,7/14/2020,Baseline Revisits 1_1,2,7/14/2020,COWM1029,583f4b38-f4f5-4e65-8483-e928588b17b8,8/5/2021 16:12,13.15315315,247,8,IP-fuzzy,P
Baseline,39.86667,-105.40366,1029,Colorado,WM,Central Rockies,P,Presumed intermittent. Logged.,NA,BPJ,NA,RM and JK BPJ,2884886,10L,NA,10/12/2020,Baseline Revisits 1_1,3,10/12/2020,COWM1029,09447a67-4e79-4934-9280-0121a139992d,8/5/2021 16:12,13.15315315,247,8,IP-fuzzy,P
Baseline,39.85955,-105.44511,1030,Colorado,WM,Central Rockies,I,Presumed intermittent. Logged.,NA,BPJ,NA,RM and JK BPJ,-9999,10L,NA,7/27/2019,FlowDuration004,1,7/27/2019,COWM1030,c5ec404d-bb29-4f4e-82c7-f1c25430f175,8/5/2021 16:12,111.8018018,209,65,I-epi,I
Baseline,39.85955,-105.44511,1030,Colorado,WM,Central Rockies,I,Presumed intermittent. Logged.,NA,BPJ,NA,RM and JK BPJ,-9999,10L,NA,7/13/2020,Baseline Revisits 1_1,2,7/13/2020,COWM1030,fc59429b-9831-4b34-bfdf-e244f50b6c94,8/5/2021 16:12,111.8018018,209,65,I-epi,I
Baseline,39.85955,-105.44511,1030,Colorado,WM,Central Rockies,I,Presumed intermittent. Logged.,NA,BPJ,NA,RM and JK BPJ,-9999,10L,NA,10/12/2020,Baseline Revisits 1_1,3,10/12/2020,COWM1030,4e61c984-a8ce-4b35-a6c3-787c918f3fd7,8/5/2021 16:12,111.8018018,209,65,I-epi,I
Validation,39.36554,-106.82559,1092,Colorado,WM,Central Rockies,P,NA,Acceptable,USGS,9080400,NA,1326889,14,NA,7/11/2020,Validation 1_1,1,7/11/2020,COWM1092,05e26462-09aa-4e92-917e-e026538430d3,8/5/2021 16:12,NA,NA,NA,NA,P
Validation,37.58917,-108.16319,1093,Colorado,WM,Central Rockies,P,Updated on 032720,Preferred,Lindsey Reynolds,76,Flowing creek. Dominated by Alnus sp._ and Psuedotsuga menziesii.,18384347,14,NA,7/6/2020,Validation 1_1,1,7/6/2020,COWM1093,d35b3ba1-6f5b-48de-bf9a-00fe19c733fb,8/5/2021 16:12,NA,NA,NA,NA,P
Baseline,39.35449,-106.81877,1156,Colorado,WM,Central Rockies,I,Changed to Intermittent based on communication from LR,Preferred,Lindsey Reynolds,73,Small dry creek. Dominated by Salix sp._ Cornus sp._ and Psuedotsuga menziesii.,1327377,14,NA,8/1/2019,FlowDuration004,1,8/1/2019,COWM1156,3b971cc1-e11f-4f2f-8a52-46b8a367fb3a,8/5/2021 16:12,294.4886364,69,260,IE-fuzzy,I
Baseline,39.35449,-106.81877,1156,Colorado,WM,Central Rockies,I,Changed to Intermittent based on communication from LR,Preferred,Lindsey Reynolds,73,Small dry creek. Dominated by Salix sp._ Cornus sp._ and Psuedotsuga menziesii.,1327377,14,NA,7/10/2020,Baseline Revisits 1_1,2,7/10/2020,COWM1156,1a46b322-4407-4816-90d9-09b7f2f7b3b5,8/5/2021 16:12,294.4886364,69,260,IE-fuzzy,I
Baseline,39.35449,-106.81877,1156,Colorado,WM,Central Rockies,I,Changed to Intermittent based on communication from LR,Preferred,Lindsey Reynolds,73,Small dry creek. Dominated by Salix sp._ Cornus sp._ and Psuedotsuga menziesii.,1327377,14,NA,10/13/2020,Baseline Revisits 1_1,3,10/13/2020,COWM1156,66615bee-c7be-480e-a877-37eb0ade36d7,8/5/2021 16:12,294.4886364,69,260,IE-fuzzy,I
Validation,37.3549,-106.54417,1172,Colorado,WM,Central Rockies,P,NA,Acceptable,USGS,8245000,NA,17876153,13,NA,10/15/2020,Validation 1_1,1,10/15/2020,COWM1172,2a6dd5ec-e759-4f00-8d0b-425dc152f700,8/5/2021 16:12,NA,NA,NA,NA,P
Baseline,39.82384,-106.21556,1361,Colorado,WM,Central Rockies,E,Updated on 032720,Preferred,Lindsey Reynolds,68,Dry creek on steep slope. Dominated by Acer glabrum.,1312431,14,NA,8/1/2019,FlowDuration004,1,8/1/2019,COWM1361,6c4c6810-7b60-46d4-b81a-96534f8475ea,8/5/2021 16:12,158.3333333,161,136,I-epi,I
Baseline,39.82384,-106.21556,1361,Colorado,WM,Central Rockies,E,Updated on 032720,Preferred,Lindsey Reynolds,68,Dry creek on steep slope. Dominated by Acer glabrum.,1312431,14,NA,7/12/2020,Baseline Revisits 1_1,2,7/12/2020,COWM1361,7738db9f-edbb-4b15-8675-03422d745e62,8/5/2021 16:12,158.3333333,161,136,I-epi,I
Baseline,39.82384,-106.21556,1361,Colorado,WM,Central Rockies,E,Updated on 032720,Preferred,Lindsey Reynolds,68,Dry creek on steep slope. Dominated by Acer glabrum.,1312431,14,NA,10/12/2020,Baseline Revisits 1_1,3,10/12/2020,COWM1361,66fb1ecd-14f7-45f5-9302-506fbf145fdc,8/5/2021 16:12,158.3333333,161,136,I-epi,I
Baseline,38.28729,-107.21113,1368,Colorado,WM,Central Rockies,P,Updated on 032720,Preferred,Lindsey Reynolds,71,Flowing creek. Dominated by Salix sp. And Artemesia tridentata.,3253453,14,NA,7/30/2019,FlowDuration004,1,7/30/2019,COWM1368,bf8e6b54-8856-455a-b98c-bec6c932c713,8/5/2021 16:12,42.02031603,327,38,I-epi,I
Baseline,38.28729,-107.21113,1368,Colorado,WM,Central Rockies,P,Updated on 032720,Preferred,Lindsey Reynolds,71,Flowing creek. Dominated by Salix sp. And Artemesia tridentata.,3253453,14,NA,7/8/2020,Baseline Revisits 1_1,2,7/8/2020,COWM1368,fd04ee08-90e3-43e2-b855-7d97f17bb287,8/5/2021 16:12,42.02031603,327,38,I-epi,I
Baseline,38.28729,-107.21113,1368,Colorado,WM,Central Rockies,P,Updated on 032720,Preferred,Lindsey Reynolds,71,Flowing creek. Dominated by Salix sp. And Artemesia tridentata.,3253453,14,NA,10/14/2020,Baseline Revisits 1_1,3,10/14/2020,COWM1368,59184c13-89d7-4762-bfa5-9c1128bd1cbd,8/5/2021 16:12,42.02031603,327,38,I-epi,I
Baseline,39.36669,-106.74319,1421,Colorado,WM,Central Rockies,I,Changed to Intermittent based on communication from LR,Preferred,Lindsey Reynolds,74,Standing water. Dominated by Salix sp._ Juniperus scopulorum_ Acer glabrum_ some Alnus sp._ and Psuedotsuga menziesii.,1327359,14,NA,8/1/2019,FlowDuration004,1,8/1/2019,COWM1421,b06a532b-fd7d-4335-bbb9-3945b0ee78ee,8/5/2021 16:12,158.4431818,146,92,I-epi,I
Baseline,39.36669,-106.74319,1421,Colorado,WM,Central Rockies,I,Changed to Intermittent based on communication from LR,Preferred,Lindsey Reynolds,74,Standing water. Dominated by Salix sp._ Juniperus scopulorum_ Acer glabrum_ some Alnus sp._ and Psuedotsuga menziesii.,1327359,14,NA,7/11/2020,Baseline Revisits 1_1,2,7/11/2020,COWM1421,ab2cab42-c92f-4934-a0fc-3193b7179e21,8/5/2021 16:12,158.4431818,146,92,I-epi,I
Baseline,39.36669,-106.74319,1421,Colorado,WM,Central Rockies,I,Changed to Intermittent based on communication from LR,Preferred,Lindsey Reynolds,74,Standing water. Dominated by Salix sp._ Juniperus scopulorum_ Acer glabrum_ some Alnus sp._ and Psuedotsuga menziesii.,1327359,14,NA,10/13/2020,Baseline Revisits 1_1,3,10/13/2020,COWM1421,936a11b8-8eb9-4fac-88eb-fc2c065f7184,8/5/2021 16:12,158.4431818,146,92,I-epi,I
Validation,48.83226,-115.22823,1563,Montana,WM,Northern Rockies,I,NA,Acceptable,USGS,12301550,NA,NA,NA,NA,8/9/2020,Validation 1_1,1,8/9/2020,MTWM1563,24da342d-a695-4d5f-bdaa-651c814c4d23,8/5/2021 16:12,NA,NA,NA,NA,I
Validation,47.22141,-114.97322,1569,Montana,WM,Northern Rockies,I,NA,Acceptable,USGS,12353820,Figure out real deal with access,NA,NA,NA,8/10/2020,Validation 1_1,1,8/10/2020,MTWM1569,ca1c4f52-a0d4-47cd-8774-8fc59227635c,8/5/2021 16:12,NA,NA,NA,NA,I
Validation,46.00235,-112.51326,1711,Montana,WM,Northern Rockies,I,NA,Acceptable,USGS,12323170,Channelized. Probably stormwater,NA,NA,NA,8/10/2020,Validation 1_1,1,8/10/2020,MTWM1711,437feb1f-09de-4f9d-a2ee-b6339fa91a50,8/5/2021 16:12,NA,NA,NA,NA,I
Validation,46.57198,-112.21548,1726,Montana,WM,Northern Rockies,I,NA,Acceptable,USGS,6062750,NA,NA,NA,NA,8/6/2020,Validation 1_1,1,8/6/2020,MTWM1726,d23259d9-4403-4255-8c6c-5b3113a808ed,8/5/2021 16:12,NA,NA,NA,NA,I
Validation,46.63193,-112.04701,1736,Montana,WM,Northern Rockies,P,NA,Acceptable,USGS,6064100,NA,NA,NA,NA,8/7/2020,Validation 1_1,1,8/7/2020,MTWM1736,867f981f-1e63-48ec-a6fd-bbe1609fc7a5,8/5/2021 16:12,NA,NA,NA,NA,P
Validation,44.61703,-111.65675,1753,Montana,WM,Northern Rockies,P,NA,Acceptable,USGS,6006000,NA,NA,NA,NA,8/12/2020,Validation 1_1,1,8/12/2020,MTWM1753,aaaee5c9-1e83-4521-a5c8-0de9f142fa45,8/5/2021 16:12,NA,NA,NA,NA,P
Validation,46.84888,-110.27216,1785,Montana,WM,Northern Rockies,I,NA,Acceptable,USGS,6109780,No hint of drying in GE imagery,NA,NA,NA,8/6/2020,Validation 1_1,1,8/6/2020,MTWM1785,63508a72-4a9d-476c-a07e-ee0878ede3dd,8/5/2021 16:12,NA,NA,NA,NA,I
Validation,45.33137,-108.80148,1813,Montana,WM,Northern Rockies,P,NA,Acceptable,USGS,6207800,NA,NA,NA,NA,8/4/2020,Validation 1_1,1,8/4/2020,MTWM1813,0ff30310-9fa6-46f6-9615-8d6cdae737d4,8/5/2021 16:12,NA,NA,NA,NA,P
Validation,45.35066,-108.56599,1815,Montana,WM,Northern Rockies,I,NA,Acceptable,USGS,6215000,NA,NA,NA,NA,8/5/2020,Validation 1_1,1,8/5/2020,MTWM1815,14eec027-4d27-46bf-8415-069797747c35,8/5/2021 16:12,NA,NA,NA,NA,I
Validation,45.14479,-108.23849,1835,Montana,WM,Northern Rockies,I,NA,Acceptable,O'Ney et al. 2009.,NA,NA,NA,NA,NA,8/5/2020,Validation 1_1,1,8/5/2020,MTWM1835,bc8f9652-284b-41e6-a58d-ed1197d2582a,8/5/2021 16:12,NA,NA,NA,NA,I
Validation,48.71099,-113.88519,1840,Montana,WM,Northern Rockies,I,NA,Acceptable,GNP 2019,NA,NA,NA,NA,NA,8/8/2020,Validation 1_1,1,8/8/2020,MTWM1840,bde41616-cab8-4829-8c40-734ed33f9b05,8/5/2021 16:12,NA,NA,NA,NA,I
Validation,44.67539,-111.75201,1904,Montana,WM,Northern Rockies,E,Experiences significant snowmelt influence at times,Acceptable,Andy Brummond,NA,"Andy works for Montana Fish, Wildlife & Parks. He has regularly observed this stream & considers it ephemeral.",NA,NA,NA,8/11/2020,Validation 1_1,1,8/11/2020,MTWM1904,bbc633ea-740c-4508-95b2-f748956ba3e6,8/5/2021 16:12,NA,NA,NA,NA,E
Validation,44.6602,-111.63833,1905,Montana,WM,Northern Rockies,E,Experiences significant snowmelt influence at times,Acceptable,Andy Brummond,NA,"Andy works for Montana Fish, Wildlife & Parks. He has regularly observed this stream & considers it ephemeral.",NA,NA,NA,8/11/2020,Validation 1_1,1,8/11/2020,MTWM1905,a78e0084-cf47-41a1-89bf-735cad5e8305,8/5/2021 16:12,NA,NA,NA,NA,E
Validation,44.58828,-111.66409,1906,Montana,WM,Northern Rockies,P,"Flow in Tom Creek is protected under the U.S. Fish and Wildlife Service, Red Rock Lakes-Montana Water Compact which protects 1.4 cfs at this location. Site is located on former USGS06007000.",Preferred,Andy Brummond,NA,"Andy works for Montana Fish, Wildlife & Parks. He has regularly observed this stream & considers it perennial.",NA,NA,NA,8/12/2020,Validation 1_1,1,8/12/2020,MTWM1906,9aa31240-efea-478d-88bc-6971d7f70c2c,8/5/2021 16:12,NA,NA,NA,NA,P
Validation,44.67268,-111.63219,1907,Montana,WM,Northern Rockies,I,This stream seems to be more intermittent today than it was 40-50 years ago based on historic reports.,Acceptable,Andy Brummond,NA,"Andy works for Montana Fish, Wildlife & Parks. He has regularly observed this stream & considers it intermittent in its lower reaches.",NA,NA,NA,8/11/2020,Validation 1_1,1,8/11/2020,MTWM1907,33d086f7-d6cf-4b1f-b6bd-d7f9aa2e3cd9,8/5/2021 16:12,NA,NA,NA,NA,I
Validation,46.67289,-112.07294,1908,Montana,WM,Northern Rockies,E,"The only time it flows is in response to heavy rain or rapid snowmelt. When it does flow, it might reach 2 CFS. I have observed it for probably about 10 years or more.",Acceptable,Mark Ockey,None,NA,-9999,10U,NA,8/7/2020,Validation 1_1,1,8/7/2020,MTWM1908,ddd90413-8db1-4e07-955f-4d2e85285cb4,8/5/2021 16:12,NA,NA,NA,NA,E
Validation,46.67715,-112.06285,1910,Montana,WM,Northern Rockies,E,"The only time it flows is in response to heavy rain or rapid snowmelt. When it does flow, it might reach 2 CFS. I have observed it for probably about 10 years or more.",Acceptable,Mark Ockey,None,NA,-9999,10U,NA,8/7/2020,Validation 1_1,1,8/7/2020,MTWM1910,ad4707d8-199c-49ae-b6bd-20cbbb83cb94,8/5/2021 16:12,NA,NA,NA,NA,E
Baseline,36.99307,-106.03863,1300,New Mexico,WM,Southern Rockies,I,NA,Acceptable,USGS,8247500,NA,17877869,13,NA,7/27/2019,FlowDuration004,1,7/27/2019,NMWM1300,b889b004-be42-4734-8cf6-0d49a905b5d7,8/5/2021 16:12,71.85682327,279,36,I-epi,I
Baseline,36.99307,-106.03863,1300,New Mexico,WM,Southern Rockies,I,NA,Acceptable,USGS,8247500,NA,17877869,13,NA,7/4/2020,Baseline Revisits 1_1,2,7/4/2020,NMWM1300,28aa614e-fd7b-450f-b1c9-6b4c7040b229,8/5/2021 16:12,71.85682327,279,36,I-epi,I
Baseline,36.99307,-106.03863,1300,New Mexico,WM,Southern Rockies,I,NA,Acceptable,USGS,8247500,NA,17877869,13,NA,10/16/2020,Baseline Revisits 1_1,3,10/16/2020,NMWM1300,83f934a6-1aff-402d-9faa-1b02167a7161,8/5/2021 16:12,71.85682327,279,36,I-epi,I
Baseline,36.98903,-105.53246,1301,New Mexico,WM,Southern Rockies,I,NA,Acceptable,USGS,8261000,NA,17863208,13,NA,7/23/2019,FlowDuration004,1,7/23/2019,NMWM1301,ad58b192-5a36-493c-8632-1ea74271890c,8/5/2021 16:12,95.7204611,156,26,I-epi,I
Baseline,36.98903,-105.53246,1301,New Mexico,WM,Southern Rockies,I,NA,Acceptable,USGS,8261000,NA,17863208,13,NA,7/4/2020,Baseline Revisits 1_1,2,7/4/2020,NMWM1301,abb5b53f-b274-4811-a0e9-47ab95b2fa37,8/5/2021 16:12,95.7204611,156,26,I-epi,I
Baseline,36.98903,-105.53246,1301,New Mexico,WM,Southern Rockies,I,NA,Acceptable,USGS,8261000,NA,17863208,13,NA,10/16/2020,Baseline Revisits 1_1,3,10/16/2020,NMWM1301,b8bdbca7-4b48-47dc-8c86-b88cba6c3ab8,8/5/2021 16:12,95.7204611,156,26,I-epi,I
Validation,36.98224,-106.07363,1302,New Mexico,WM,Southern Rockies,P,NA,Acceptable,USGS,8248000,NA,17877873,13,NA,10/16/2020,Validation 1_1,1,10/16/2020,NMWM1302,f132d2fd-8033-4eef-bb68-5cf8fd26ba2f,8/5/2021 16:12,NA,NA,NA,NA,P
Baseline,36.96686,-105.50711,1303,New Mexico,WM,Southern Rockies,P,NA,Acceptable,USGS,8255500,NA,17863212,13,NA,7/24/2019,FlowDuration004,1,7/24/2019,NMWM1303,aa0c72d2-e75d-4f8c-9514-00c33cc5a0b1,8/5/2021 16:12,NA,NA,NA,NA,P
Validation,36.53213,-105.22814,1311,New Mexico,WM,Southern Rockies,P,NA,Acceptable,USGS,7206000,NA,20058478,11,NA,10/18/2020,Validation 1_1,1,10/18/2020,NMWM1311,ec077e7d-b4e1-434c-bf3a-0fe562c5c4ab,8/5/2021 16:12,NA,NA,NA,NA,P
Baseline,36.3031,-105.581,1314,New Mexico,WM,Southern Rockies,P,NA,Acceptable,USGS,8275500,NA,17865290,13,NA,7/23/2019,FlowDuration004,1,7/23/2019,NMWM1314,fa505b88-f615-4fdc-aff4-fd98e32ee106,8/5/2021 16:12,0,365,0,P-epi,P
Baseline,36.3031,-105.581,1314,New Mexico,WM,Southern Rockies,P,NA,Acceptable,USGS,8275500,NA,17865290,13,NA,7/5/2020,Baseline Revisits 1_1,2,7/5/2020,NMWM1314,ce3806e8-8ca3-4f11-9cfa-754485dbef26,8/5/2021 16:12,0,365,0,P-epi,P
Baseline,36.3031,-105.581,1314,New Mexico,WM,Southern Rockies,P,NA,Acceptable,USGS,8275500,NA,17865290,13,NA,10/18/2020,Baseline Revisits 1_1,3,10/18/2020,NMWM1314,5c333cb8-79a4-4651-b6b1-e4648dba672c,8/5/2021 16:12,0,365,0,P-epi,P
Validation,35.96472,-105.90472,1316,New Mexico,WM,Southern Rockies,P,NA,Acceptable,USGS,8291000,NA,17866714,13,NA,7/5/2020,Validation 1_1,1,7/5/2020,NMWM1316,ed7a1fd8-407f-49dd-9d4c-a1beee44dcda,8/5/2021 16:12,NA,NA,NA,NA,P
Baseline,35.89094,-106.30875,1318,New Mexico,WM,Southern Rockies,E,NA,Acceptable,Malmon et al. 2007,P1West,NA,17865910,13,NA,7/21/2019,FlowDuration004,1,7/21/2019,NMWM1318,4cc21818-81ba-42d2-b873-fa822b1f1cd7,8/5/2021 16:12,175.6813187,78,55,I-epi,I
Baseline,35.89094,-106.30875,1318,New Mexico,WM,Southern Rockies,E,NA,Acceptable,Malmon et al. 2007,P1West,NA,17865910,13,NA,7/6/2020,Baseline Revisits 1_1,2,7/6/2020,NMWM1318,1157b0d3-34b3-4882-a1ce-8b78eca12c97,8/5/2021 16:12,175.6813187,78,55,I-epi,I
Baseline,35.89094,-106.30875,1318,New Mexico,WM,Southern Rockies,E,NA,Acceptable,Malmon et al. 2007,P1West,NA,17865910,13,NA,10/17/2020,Baseline Revisits 1_1,3,10/17/2020,NMWM1318,58a5b7e2-5237-4b53-aff5-b3296c1f54bc,8/5/2021 16:12,175.6813187,78,55,I-epi,I
Baseline,35.8885,-106.2987,1319,New Mexico,WM,Southern Rockies,E,NA,Acceptable,Malmon et al. 2007,P1East,NA,17865910,13,NA,7/21/2019,FlowDuration004,1,7/21/2019,NMWM1319,a673b832-f1f2-4f4d-8028-654ef39e1d05,8/5/2021 16:12,337.7252747,14,205,E-epi,E
Baseline,35.8885,-106.2987,1319,New Mexico,WM,Southern Rockies,E,NA,Acceptable,Malmon et al. 2007,P1East,NA,17865910,13,NA,7/6/2020,Baseline Revisits 1_1,2,7/6/2020,NMWM1319,e339ff52-f00a-4333-846b-dcd8d294cc8b,8/5/2021 16:12,337.7252747,14,205,E-epi,E
Baseline,35.8885,-106.2987,1319,New Mexico,WM,Southern Rockies,E,NA,Acceptable,Malmon et al. 2007,P1East,NA,17865910,13,NA,10/17/2020,Baseline Revisits 1_1,3,10/17/2020,NMWM1319,6250a673-15cb-438a-81da-0c122a201221,8/5/2021 16:12,337.7252747,14,205,E-epi,E
Validation,35.88689,-106.30778,1320,New Mexico,WM,Southern Rockies,E,NA,Acceptable,Malmon et al. 2007,Acid,NA,-9999,13,NA,7/6/2020,Validation 1_1,1,7/6/2020,NMWM1320,5da95891-0bd0-48ed-ab52-a9a710236ff9,8/5/2021 16:12,NA,NA,NA,NA,E
Validation,33.39285,-105.72334,1333,New Mexico,WM,Southern Rockies,I,NA,Acceptable,USGS,8387600,NA,20773110,13,NA,7/2/2020,Validation 1_1,1,7/2/2020,NMWM1333,36b6d378-41e7-4a92-b459-9ecffe7d7dd2,8/5/2021 16:12,NA,NA,NA,NA,I
Baseline,33.39147,-105.61137,1335,New Mexico,WM,Southern Rockies,I,NA,Acceptable,USGS,8387800,NA,20772322,13,NA,7/12/2019,FlowDuration004,1,7/12/2019,NMWM1335,6f2784b1-7685-4527-a746-547cf66eb752,8/5/2021 16:12,266.2155963,98,126,I-epi,I
Baseline,33.39147,-105.61137,1335,New Mexico,WM,Southern Rockies,I,NA,Acceptable,USGS,8387800,NA,20772322,13,NA,7/2/2020,Baseline Revisits 1_1,2,7/2/2020,NMWM1335,808219d3-a503-4238-bcdb-f04b3e652139,8/5/2021 16:12,266.2155963,98,126,I-epi,I
Baseline,33.39147,-105.61137,1335,New Mexico,WM,Southern Rockies,I,NA,Acceptable,USGS,8387800,NA,20772322,13,NA,10/19/2020,Baseline Revisits 1_1,3,10/19/2020,NMWM1335,83e81a0f-faaa-4df6-a7e2-d36bc83d4797,8/5/2021 16:12,266.2155963,98,126,I-epi,I
Validation,33.89144,-108.51562,1856,New Mexico,WM,Southern Rockies,P,NA,Acceptable,USGS,9442692,NA,NA,NA,NA,10/20/2020,Validation 1_1,1,10/20/2020,NMWM1856,3b985fa4-9e05-43fc-8a80-de3eea4ed415,8/5/2021 16:12,NA,NA,NA,NA,P
Validation,33.0615,-108.53739,1857,New Mexico,WM,Southern Rockies,P,NA,Acceptable,USGS,9430500,NA,NA,NA,NA,7/1/2020,Validation 1_1,1,7/1/2020,NMWM1857,357101d3-f28f-45bc-bcaf-0e3eaec996c5,8/5/2021 16:12,NA,NA,NA,NA,P
Baseline,38.9645,-119.84932,1255,Nevada,WM,CA-NV,P,NA,Acceptable,USGS,10310400,NA,8921935,16,NA,8/29/2019,FlowDuration004,1,8/29/2019,NVWM1255,6162f393-6bbd-4a6a-a3e3-f1d022c10485,8/5/2021 16:12,0,365,0,P-epi,P
Baseline,38.9645,-119.84932,1255,Nevada,WM,CA-NV,P,NA,Acceptable,USGS,10310400,NA,8921935,16,NA,8/7/2020,Baseline Revisits 1_1,2,8/7/2020,NVWM1255,386a43fc-de8d-464f-96ad-2220e68f625d,8/5/2021 16:12,0,365,0,P-epi,P
Baseline,38.9645,-119.84932,1255,Nevada,WM,CA-NV,P,NA,Acceptable,USGS,10310400,NA,8921935,16,NA,10/2/2020,Baseline Revisits 1_1,3,10/2/2020,NVWM1255,00d76c93-92d9-471b-882f-a4219a423a62,8/5/2021 16:12,0,365,0,P-epi,P
Validation,40.65511,-109.75436,1015,Utah,WM,Central Rockies,P,Updated on 032720,Preferred,Lindsey Reynolds,56,Flowing. Dominated by Psuedotsuga menziesii and Pinus ponderosa. Some Populus tremuloides.,1393665,14,NA,7/25/2020,Validation 1_1,1,7/25/2020,UTWM1015,4ba9d272-7ab7-4579-8cff-3d44acc377b2,8/5/2021 16:12,NA,NA,NA,NA,P
Validation,40.47586,-110.93682,1096,Utah,WM,Central Rockies,P,Updated on 032720,Preferred,Lindsey Reynolds,61,Dry. Dominated by Salix sp._ with some Populus tremuloides_ Picea englemanii_ Abies sp.,11979543,14,NA,7/26/2020,Validation 1_1,1,7/26/2020,UTWM1096,4803f064-28b4-4f10-899f-23275325e34b,8/5/2021 16:12,NA,NA,NA,NA,P
Validation,40.63013,-109.78928,1150,Utah,WM,Central Rockies,E,Updated on 032720,Preferred,Lindsey Reynolds,57,Dry. Dominated by Psuedotsuga menziesii and Populus tremuloides.,1392669,14,NA,7/25/2020,Validation 1_1,1,7/25/2020,UTWM1150,0ff8c538-a250-43d2-baff-6e980c7c0c2b,8/5/2021 16:12,NA,NA,NA,NA,E
Validation,40.57068,-109.96254,1152,Utah,WM,Central Rockies,P,Updated on 032720,Preferred,Lindsey Reynolds,58,Flowing. Dominated by Cornus sp._ Abies sp._ and Picea pungens. Some Juniperus scopulorm present.,11978295,14,NA,7/26/2020,Validation 1_1,1,7/26/2020,UTWM1152,b876e615-fd2a-4a53-86a0-fa5720aaa04f,8/5/2021 16:12,NA,NA,NA,NA,P
Validation,40.56679,-109.96816,1363,Utah,WM,Central Rockies,E,Updated on 032720,Preferred,Lindsey Reynolds,59,Dry. Dominated by Salix sp.,11977563,14,NA,7/26/2020,Validation 1_1,1,7/26/2020,UTWM1363,f8fa9ffa-8c51-4230-a081-46683dc4b722,8/5/2021 16:12,NA,NA,NA,NA,E
Validation,40.57746,-109.62209,1419,Utah,WM,Central Rockies,P,NA,Acceptable,USGS,9266500,NA,1393763,14,NA,7/30/2020,Validation 1_1,1,7/30/2020,UTWM1419,3c795696-0105-4f24-bb16-bfc93a23b819,8/5/2021 16:12,NA,NA,NA,NA,P
Validation,40.46079,-111.47269,1431,Utah,WM,Central Rockies,I,NA,Acceptable,USGS,10157500,NA,10375690,16,NA,7/27/2020,Validation 1_1,1,7/27/2020,UTWM1431,53ac6c2f-bc63-4b1c-b4d2-09d26b1bfafe,8/5/2021 16:12,NA,NA,NA,NA,I
Validation,39.32969,-111.43157,1447,Utah,WM,Central Rockies,I,NA,Acceptable,USGS,9319000,NA,4876473,14,NA,7/28/2020,Validation 1_1,1,7/28/2020,UTWM1447,9a2e2b5e-7547-48a7-af9e-9b834f17040b,8/5/2021 16:12,NA,NA,NA,NA,I
Validation,38.52921,-112.40771,1875,Utah,WM,Central Rockies,E,NA,Acceptable,Robichaud et al. 2019,D,NA,NA,NA,NA,7/29/2020,Validation 1_1,1,7/29/2020,UTWM1875,21253082-e4b5-48f8-9d05-35a89752f6a3,8/5/2021 16:12,NA,NA,NA,NA,E
Validation,38.53179,-112.39417,1879,Utah,WM,Central Rockies,E,NA,Acceptable,Robichaud et al. 2019,H,NA,NA,NA,NA,7/29/2020,Validation 1_1,1,7/29/2020,UTWM1879,7ba3cf89-6bab-41f7-8de4-1266e085e445,8/5/2021 16:12,NA,NA,NA,NA,E
Baseline,41.05095,-109.22095,749,Wyoming,WM,Northern Rockies,P,Updated on 032720,Preferred,Lindsey Reynolds,25,Flowing. Dominated by Artemesia tridentata_ Salix sp._ and Juniperus scopulorum.,10036228,14,NA,8/4/2019,FlowDuration004,1,8/4/2019,WYWM0749,cb632178-6f30-4354-a607-5d56b2127a42,8/5/2021 16:12,0,365,0,P-epi,P
Baseline,41.05095,-109.22095,749,Wyoming,WM,Northern Rockies,P,Updated on 032720,Preferred,Lindsey Reynolds,25,Flowing. Dominated by Artemesia tridentata_ Salix sp._ and Juniperus scopulorum.,10036228,14,NA,7/24/2020,Baseline Revisits 1_1,2,7/24/2020,WYWM0749,2ebcbed9-b348-4af6-a38f-1f8bb49a74ad,8/5/2021 16:12,0,365,0,P-epi,P
Baseline,41.05095,-109.22095,749,Wyoming,WM,Northern Rockies,P,Updated on 032720,Preferred,Lindsey Reynolds,25,Flowing. Dominated by Artemesia tridentata_ Salix sp._ and Juniperus scopulorum.,10036228,14,NA,10/4/2020,Baseline Revisits 1_1,3,10/4/2020,WYWM0749,d9a33b5a-4a87-48c6-922f-2a0826d8b4c5,8/5/2021 16:12,0,365,0,P-epi,P
Baseline,41.0335,-109.22867,754,Wyoming,WM,Northern Rockies,I,Updated on 032720,Acceptable,Lindsey Reynolds,24,Flowing. Dominated by Artemisia tridentata_ Salix sp._ and some Juniperus scopulorum.,10036238,14,NA,8/4/2019,FlowDuration004,1,8/4/2019,WYWM0754,eb1ecd0b-a9ca-4aa9-b6a7-4a3a51e98199,8/5/2021 16:12,NA,NA,NA,NA,I
Baseline,41.0335,-109.22867,754,Wyoming,WM,Northern Rockies,I,Updated on 032720,Acceptable,Lindsey Reynolds,24,Flowing. Dominated by Artemisia tridentata_ Salix sp._ and some Juniperus scopulorum.,10036238,14,NA,7/24/2020,Baseline Revisits 1_1,2,7/24/2020,WYWM0754,a34e136b-4e0b-4298-a026-e01cc78bb7c6,8/5/2021 16:12,NA,NA,NA,NA,I
Baseline,41.24059,-109.22985,774,Wyoming,WM,Northern Rockies,I,Updated on 032720,Preferred,Lindsey Reynolds,26,Flowing. Dominated by Artemesia tridentata and Larrea tridentata.,10035282,14,NA,8/3/2019,FlowDuration004,1,8/3/2019,WYWM0774,28a4a76e-a208-494c-9ac4-48c256203ae4,8/5/2021 16:12,0,365,0,P-epi,I
Baseline,41.24059,-109.22985,774,Wyoming,WM,Northern Rockies,I,Updated on 032720,Preferred,Lindsey Reynolds,26,Flowing. Dominated by Artemesia tridentata and Larrea tridentata.,10035282,14,NA,7/24/2020,Baseline Revisits 1_1,2,7/24/2020,WYWM0774,ee8b2734-b5fb-4eb5-9424-d682d160f95b,8/5/2021 16:12,0,365,0,P-epi,I
Baseline,41.24059,-109.22985,774,Wyoming,WM,Northern Rockies,I,Updated on 032720,Preferred,Lindsey Reynolds,26,Flowing. Dominated by Artemesia tridentata and Larrea tridentata.,10035282,14,NA,10/10/2020,Baseline Revisits 1_1,3,10/10/2020,WYWM0774,e502e058-fb5d-4343-ae34-3ccbddee9dc1,8/5/2021 16:12,0,365,0,P-epi,I
Validation,44.56496,-107.71287,1494,Wyoming,WM,Northern Rockies,P,NA,Acceptable,USGS,6278500,NA,12804114,10U,NA,8/3/2020,Validation 1_1,1,8/3/2020,WYWM1494,8e120afb-c4fb-4ecc-8e7c-c2fd6e18cb8e,8/5/2021 16:12,NA,NA,NA,NA,P
Validation,44.52026,-104.08382,1495,Wyoming,WM,Northern Rockies,P,NA,Acceptable,USGS,6429905,NA,5479125,10U,NA,8/2/2020,Validation 1_1,1,8/2/2020,WYWM1495,78c21c3e-78a2-4fb3-8343-50b4e8fab5c7,8/5/2021 16:12,NA,NA,NA,NA,P
Baseline,44.26469,-106.91867,1500,Wyoming,WM,Northern Rockies,I,NA,Acceptable,USGS,6317340,NA,5380886,10U,NA,8/9/2019,FlowDuration004,1,8/9/2019,WYWM1500,91c3d3d4-6344-4771-b8cb-fd442d460e75,8/5/2021 16:12,27.41784038,187,13,IP-fuzzy,I
Baseline,44.26469,-106.91867,1500,Wyoming,WM,Northern Rockies,I,NA,Acceptable,USGS,6317340,NA,5380886,10U,NA,8/3/2020,Baseline Revisits 1_1,2,8/3/2020,WYWM1500,0dfe872d-e527-4d7b-bd41-50a3d59c0023,8/5/2021 16:12,27.41784038,187,13,IP-fuzzy,I
Baseline,44.26469,-106.91867,1500,Wyoming,WM,Northern Rockies,I,NA,Acceptable,USGS,6317340,NA,5380886,10U,NA,10/7/2020,Baseline Revisits 1_1,3,10/7/2020,WYWM1500,979ad10a-7a65-416c-a842-228184ff692a,8/5/2021 16:12,27.41784038,187,13,IP-fuzzy,I
Baseline,43.83806,-110.44083,1510,Wyoming,WM,Northern Rockies,P,NA,Acceptable,USGS,13011900,NA,23123209,17,NA,8/7/2019,FlowDuration004,1,8/7/2019,WYWM1510,4194fc14-5a5d-4a6d-bf15-ee32ed00d43c,8/5/2021 16:12,0,1,0,InsufficientRecord,P
Baseline,43.83806,-110.44083,1510,Wyoming,WM,Northern Rockies,P,NA,Acceptable,USGS,13011900,NA,23123209,17,NA,8/18/2020,Baseline Revisits 1_1,2,8/18/2020,WYWM1510,061f88ed-b6f6-4093-b93a-6e2bd5aff9d3,8/5/2021 16:12,0,1,0,InsufficientRecord,P
Baseline,43.83806,-110.44083,1510,Wyoming,WM,Northern Rockies,P,NA,Acceptable,USGS,13011900,NA,23123209,17,NA,10/6/2020,Baseline Revisits 1_1,3,10/6/2020,WYWM1510,00dfd42c-c3a4-4921-bbfd-402419fcf48a,8/5/2021 16:12,0,1,0,InsufficientRecord,P
Baseline,43.1555,-110.37475,1521,Wyoming,WM,Northern Rockies,I,Presumed ephemeral. Logged.,NA,Prosper Model,NA,NA,24432491,17,NA,8/6/2019,FlowDuration004,1,8/6/2019,WYWM1521,aeb37e53-6d67-499b-a44c-3d8b3d12fac7,8/5/2021 16:12,287.0305164,78,170,IE-fuzzy,I
Baseline,43.1555,-110.37475,1521,Wyoming,WM,Northern Rockies,I,Presumed ephemeral. Logged.,NA,Prosper Model,NA,NA,24432491,17,NA,8/17/2020,Baseline Revisits 1_1,2,8/17/2020,WYWM1521,a3c2b5f5-7a49-435d-98f7-68da4cf6d9a3,8/5/2021 16:12,287.0305164,78,170,IE-fuzzy,I
Baseline,43.1555,-110.37475,1521,Wyoming,WM,Northern Rockies,I,Presumed ephemeral. Logged.,NA,Prosper Model,NA,NA,24432491,17,NA,10/5/2020,Baseline Revisits 1_1,3,10/5/2020,WYWM1521,1d58d348-f4e8-42bb-998d-1546c26e82de,8/5/2021 16:12,287.0305164,78,170,IE-fuzzy,I
Baseline,43.13794,-110.28984,1523,Wyoming,WM,Northern Rockies,I,Presumed ephemeral. Logged.,NA,Prosper Model,NA,NA,24433535,17,NA,8/6/2019,FlowDuration004,1,8/6/2019,WYWM1523,0a373deb-b4d1-4fab-8b02-dd28649dfbb0,8/5/2021 16:12,91.67840376,237,63,I-epi,I
Baseline,43.13794,-110.28984,1523,Wyoming,WM,Northern Rockies,I,Presumed ephemeral. Logged.,NA,Prosper Model,NA,NA,24433535,17,NA,8/17/2020,Baseline Revisits 1_1,2,8/17/2020,WYWM1523,ff38a7e0-fc8d-4e45-90cc-14c19f9fecf6,8/5/2021 16:12,91.67840376,237,63,I-epi,I
Baseline,43.13794,-110.28984,1523,Wyoming,WM,Northern Rockies,I,Presumed ephemeral. Logged.,NA,Prosper Model,NA,NA,24433535,17,NA,10/5/2020,Baseline Revisits 1_1,3,10/5/2020,WYWM1523,1f30e29f-0922-4f4d-a3dc-5d617a3553eb,8/5/2021 16:12,91.67840376,237,63,I-epi,I
Validation,42.67493,-111.0077,1529,Wyoming,WM,Northern Rockies,P,NA,Acceptable,USGS,13025500,NA,23134267,17,NA,8/20/2020,Validation 1_1,1,8/20/2020,WYWM1529,6b293f5c-244d-4091-9d0f-18f7cfa25dc3,8/5/2021 16:12,NA,NA,NA,NA,P
Baseline,42.59801,-105.88655,1530,Wyoming,WM,Northern Rockies,P,NA,Acceptable,USGS,6647500,NA,22108899,10L,NA,8/10/2019,FlowDuration004,1,8/10/2019,WYWM1530,7677f32a-5b00-4979-85bf-12edfdf58f6c,8/5/2021 16:12,0,365,0,P-epi,P
Baseline,42.59801,-105.88655,1530,Wyoming,WM,Northern Rockies,P,NA,Acceptable,USGS,6647500,NA,22108899,10L,NA,8/2/2020,Baseline Revisits 1_1,2,8/2/2020,WYWM1530,94b03149-2ebf-438f-bbd2-b98171978b92,8/5/2021 16:12,0,365,0,P-epi,P
Baseline,42.59801,-105.88655,1530,Wyoming,WM,Northern Rockies,P,NA,Acceptable,USGS,6647500,NA,22108899,10L,NA,10/8/2020,Baseline Revisits 1_1,3,10/8/2020,WYWM1530,5b5b0f68-eaaf-474d-9b53-b5b672269f17,8/5/2021 16:12,0,365,0,P-epi,P
Validation,42.29383,-110.44072,1531,Wyoming,WM,Northern Rockies,P,NA,Acceptable,USGS,9208400,NA,18353397,14,NA,8/21/2020,Validation 1_1,1,8/21/2020,WYWM1531,84c0b885-a84a-45d3-b89c-696fceece059,8/5/2021 16:12,NA,NA,NA,NA,P
Validation,41.58525,-106.22279,1534,Wyoming,WM,Northern Rockies,P,NA,Acceptable,USGS,6632400,NA,15968457,10L,NA,7/21/2020,FlowDuration004,1,7/21/2020,WYWM1534,d26c6b61-c75f-4d91-9300-1f991022985c,8/5/2021 16:12,NA,NA,NA,NA,P
Baseline,41.4958,-106.2789,1535,Wyoming,WM,Northern Rockies,I,NA,Acceptable,USGS,6632050,NA,15970265,10L,NA,8/11/2019,FlowDuration004,1,8/11/2019,WYWM1535,f98fa446-9b93-43a4-9bdf-48869944a1db,8/5/2021 16:12,1.713615023,293,2,P-near,I
Baseline,41.4958,-106.2789,1535,Wyoming,WM,Northern Rockies,I,NA,Acceptable,USGS,6632050,NA,15970265,10L,NA,7/21/2020,Baseline Revisits 1_1,2,7/21/2020,WYWM1535,67e4fc0e-f774-4fc0-b52d-77c0d106a251,8/5/2021 16:12,1.713615023,293,2,P-near,I
Baseline,41.4958,-106.2789,1535,Wyoming,WM,Northern Rockies,I,NA,Acceptable,USGS,6632050,NA,15970265,10L,NA,10/9/2020,Baseline Revisits 1_1,3,10/9/2020,WYWM1535,a689c8bb-bc00-4205-8403-9fe3200a9261,8/5/2021 16:12,1.713615023,293,2,P-near,I
Validation,41.34386,-106.52642,1537,Wyoming,WM,Northern Rockies,P,NA,Acceptable,USGS,6622900,NA,15984957,10L,NA,7/23/2020,Validation 1_1,1,7/23/2020,WYWM1537,d1a681fd-b544-45de-bc8c-96d861add202,8/5/2021 16:12,NA,NA,NA,NA,P
Baseline,41.12911,-110.80656,1540,Wyoming,WM,Northern Rockies,P,NA,Acceptable,USGS,10015700,NA,7885908,16,NA,8/3/2019,FlowDuration004,1,8/3/2019,WYWM1540,3bdf9321-722e-4b15-9080-c965c5f24848,8/5/2021 16:12,0,365,0,P-epi,P
Baseline,41.12911,-110.80656,1540,Wyoming,WM,Northern Rockies,P,NA,Acceptable,USGS,10015700,NA,7885908,16,NA,7/31/2020,Baseline Revisits 1_1,2,7/31/2020,WYWM1540,7133a34a-f8b6-4e61-b6d8-ab3d1d355e7c,8/5/2021 16:12,0,365,0,P-epi,P
Baseline,41.12911,-110.80656,1540,Wyoming,WM,Northern Rockies,P,NA,Acceptable,USGS,10015700,NA,7885908,16,NA,10/3/2020,Baseline Revisits 1_1,3,10/3/2020,WYWM1540,921b887f-e25c-453f-b967-76302676100a,8/5/2021 16:12,0,365,0,P-epi,P
Validation,41.8246,-110.76117,1841,Wyoming,WM,Northern Rockies,E,NA,Acceptable,Friesen et al. 2010,None,"All drainages within FOBU are ephemeral, with surface flows occurring only during snowmelt and following significant rainstorms.",NA,NA,NA,7/31/2020,Validation 1_1,1,7/31/2020,WYWM1841,33e987e8-6e49-457c-9724-9ebd0b279014,8/5/2021 16:12,NA,NA,NA,NA,E
Validation,41.57832,-110.6837,1913,Wyoming,WM,Northern Rockies,E,Public Land_ area dry most of the year_ feeds into a large stream_river that flows more often throughout the year_ not many roads nearby,Acceptable,Eric Hargett,None,NA,NA,NA,NA,7/31/2020,Validation 1_1,1,7/31/2020,WYWM1913,ce525349-d71d-46ab-84bb-235ac119f823,8/5/2021 16:12,NA,NA,NA,NA,E
Validation,44.25903,-109.22907,1914,Wyoming,WM,Northern Rockies,I,Public Land_ dense trees_ not many roads nearby_ snowpack still creating flow in June,Acceptable,Eric Hargett,None,NA,NA,NA,NA,8/14/2020,Validation 1_1,1,8/14/2020,WYWM1914,29772b40-667a-4514-9491-bddbeff2c223,8/5/2021 16:12,NA,NA,NA,NA,I
Validation,43.98244,-108.8218,1915,Wyoming,WM,Northern Rockies,I,Public Land_ snow definitely feeds streams but is completely gone before June,Acceptable,Eric Hargett,None,NA,NA,NA,NA,8/19/2020,Validation 1_1,1,8/19/2020,WYWM1915,d3704b4d-25a9-4bb0-868b-a53c13f43409,8/5/2021 16:12,NA,NA,NA,NA,I
Validation,44.48472,-109.44535,1916,Wyoming,WM,Northern Rockies,I,Public Land_ Waipi City nearby with roads close to marker_ unclear when flow stops but completely dry in August_September,Acceptable,Eric Hargett,None,NA,NA,NA,NA,8/19/2020,Validation 1_1,1,8/19/2020,WYWM1916,a135ecf6-1b7c-4c68-86a1-09614b4a2667,8/5/2021 16:12,NA,NA,NA,NA,I
